{"count":1,"gauges":{"PlayerBrain.CumulativeReward":{"count":437,"max":1,"min":-1,"value":-1,"weightedAverage":-0.9999626}},"self":373.82003199999997,"total":566.48757,"children":{"AgentSendState":{"count":182951,"self":8.9357696,"total":12.134309,"children":{"CollectObservations":{"count":18296,"self":0.599356,"total":0.599356,"children":null},"CollectDiscreteActionMasks":{"count":18296,"self":0.46087,"total":0.46087,"children":null},"AgentInfo.ToProto":{"count":18296,"self":1.197252,"total":2.1383129999999997,"children":{"GenerateSensorData":{"count":18296,"self":0.94106099999999993,"total":0.94106099999999993,"children":null}}}}},"DecideAction":{"count":182951,"self":174.4487936,"total":174.448794,"children":null},"AgentAct":{"count":182951,"self":6.0230768,"total":6.0820289999999995,"children":{"AgentInfo.ToProto":{"count":437,"self":0.036943,"total":0.058952,"children":{"GenerateSensorData":{"count":437,"self":0.022008999999999997,"total":0.022008999999999997,"children":null}}}}}}}